,IP,DATE,PICS
0,123.123.123.123,26/Apr/2000,wpaper.gif
1,123.123.123.123,26/Apr/2000,No Image
2,123.123.123.123,26/Apr/2000,5star2000.gif
3,123.123.123.123,26/Apr/2000,5star.gif
4,123.123.123.123,26/Apr/2000,a2hlogo.jpg
5,123.123.123.123,26/Apr/2000,No Image
6,123.123.123.123,26/Apr/2000,wpaper.gif
7,123.123.123.123,26/Apr/2000,No Image
8,123.123.123.123,26/Apr/2000,5star2000.gif
9,123.123.123.123,26/Apr/2000,5star.gif
10,123.123.123.123,26/Apr/2000,a2hlogo.jpg
11,123.123.123.123,26/Apr/2000,No Image
12,123.123.123.123,26/Apr/2000,wpaper.gif
13,123.123.123.123,26/Apr/2000,No Image
14,123.123.123.123,26/Apr/2000,5star2000.gif
15,123.123.123.123,26/Apr/2000,5star.gif
16,123.123.123.123,26/Apr/2000,a2hlogo.jpg
17,123.123.123.123,26/Apr/2000,No Image
